nid,title,url,dept_nm_lvl_1,dept_nm_lvl_2,dept_nm_lvl_3,dept_nm_lvl_4,dept_nm_lvl_5,exec_yr,exec_month,expense_budget,expense_execution,category,exec_dt,exec_loc,target_nm,payment_method,exec_amount
10674560,"2016.10월 업무추진비 사용내역 ",http://opengov.seoul.go.kr/public/10674560,의회사무처,공보실,,,,2016,10,,,,시의회공보실,"2016-10-24 18:55",갯마을,"서울의정미래비전북제작 관련 간담회","홍보팀장, 이환봉주무관 등",카드,250000
10674560,"2016.10월 업무추진비 사용내역 ",http://opengov.seoul.go.kr/public/10674560,의회사무처,공보실,,,,2016,10,,,,시의회공보실,"2016-10-14 12:42",이딸라시안,"의정포커스 방송 관련 간담회","오승희, 최정은 주무관 등",카드,77300
10674560,"2016.10월 업무추진비 사용내역 ",http://opengov.seoul.go.kr/public/10674560,의회사무처,공보실,,,,2016,10,,,,시의회공보실,"2016-10-07 12:48",원조할머니묵집,"서울의회 제180호 인쇄 감리","홍보팀장,안기자,노기자, 이은청처갖.김혜진차장 등",카드,67000
10674560,"2016.10월 업무추진비 사용내역 ",http://opengov.seoul.go.kr/public/10674560,의회사무처,공보실,,,,2016,10,,,,시의회공보실,"2016-10-31 20:42",은정,기자간담회,"한준규기자, 김재중기자 등",카드,240000
10674560,"2016.10월 업무추진비 사용내역 ",http://opengov.seoul.go.kr/public/10674560,의회사무처,공보실,,,,2016,10,,,,시의회공보실,"2016-10-26 12:57",폴바셋　코리아나호텔,"지방분권토론회 인터뷰 관련 간담회","공보팀장, 조선형주무관 등",카드,20400
10674560,"2016.10월 업무추진비 사용내역 ",http://opengov.seoul.go.kr/public/10674560,의회사무처,공보실,,,,2016,10,,,,시의회공보실,"2016-10-24 12:49",（주）뚜리삼,기자간담회(세계일보),"박연직기자, 김예진기사 등",카드,80000
10674560,"2016.10월 업무추진비 사용내역 ",http://opengov.seoul.go.kr/public/10674560,의회사무처,공보실,,,,2016,10,,,,시의회공보실,"2016-10-20 13:14",（주）월향,"의장단 인터뷰 등 현안업무 협의 간담회","공보팀장, 이응창비서관 등",카드,68000
10674560,"2016.10월 업무추진비 사용내역 ",http://opengov.seoul.go.kr/public/10674560,의회사무처,공보실,,,,2016,10,,,,시의회공보실,"2016-10-19 12:06",남원정,"제6회 세계여성포럼 참석 관련 간담회","공보팀장,조선형,천윤석 등",카드,48000
10674560,"2016.10월 업무추진비 사용내역 ",http://opengov.seoul.go.kr/public/10674560,의회사무처,공보실,,,,2016,10,,,,시의회공보실,"2016-10-13 13:11",우도일식,기자간담회,"김봉수차장,최대열기자,공보실장 등",카드,220000
10674560,"2016.10월 업무추진비 사용내역 ",http://opengov.seoul.go.kr/public/10674560,의회사무처,공보실,,,,2016,10,,,,시의회공보실,"2016-10-11 13:02",（주）뚜리삼,기자간담회(머니투데이),"남형도기자,김경환과장 등",카드,78000
10674560,"2016.10월 업무추진비 사용내역 ",http://opengov.seoul.go.kr/public/10674560,의회사무처,공보실,,,,2016,10,,,,시의회공보실,"2016-10-06 19:15",예환,"인터뷰자료 작성 간담회","공보팀장, 조션형주무관",카드,33000
10674560,"2016.10월 업무추진비 사용내역 ",http://opengov.seoul.go.kr/public/10674560,의회사무처,공보실,,,,2016,10,,,,시의회공보실,"2016-10-06 12:46",더테이블한정식,기자간담회(헤럴드경제),"이진용기자, 이원율기자, 사무처장 등",카드,125000
10674560,"2016.10월 업무추진비 사용내역 ",http://opengov.seoul.go.kr/public/10674560,의회사무처,공보실,,,,2016,10,,,,시의회공보실,"2016-10-04 18:25",본도시락　광화문점,"인터뷰자료 작성 관련 간담회","공보팀장, 조선형주무관 등",카드,26600
10674560,"2016.10월 업무추진비 사용내역 ",http://opengov.seoul.go.kr/public/10674560,의회사무처,공보실,,,,2016,10,,,,시의회공보실,"2016-10-28 12:07",북창터,기자간담회(파이낸셜뉴스),"김두일기자, 공보실장 등",카드,55000
10674560,"2016.10월 업무추진비 사용내역 ",http://opengov.seoul.go.kr/public/10674560,의회사무처,공보실,,,,2016,10,,,,시의회공보실,"2016-10-27 12:52",부민옥,기자간담회(뉴스1),"전성무기자, 공보실장 등",카드,81000
10674560,"2016.10월 업무추진비 사용내역 ",http://opengov.seoul.go.kr/public/10674560,의회사무처,공보실,,,,2016,10,,,,시의회공보실,"2016-10-25 19:59",（주）더루이광화문지,기자간담회(세계뉴스),"전승원기자, 조규영부의장 등",카드,90000
10674560,"2016.10월 업무추진비 사용내역 ",http://opengov.seoul.go.kr/public/10674560,의회사무처,공보실,,,,2016,10,,,,시의회공보실,"2016-10-24 20:30",홍어천국　（중구신당,"시의회 희정활동 언론보도 관련","최판술의원, 공보실장 등",카드,189000
10674560,"2016.10월 업무추진비 사용내역 ",http://opengov.seoul.go.kr/public/10674560,의회사무처,공보실,,,,2016,10,,,,시의회공보실,"2016-10-18 20:52",주식회사　동원브이아,기자간담회(머니투데이),"최석환기자, 김성현기자 등",카드,120000
10674560,"2016.10월 업무추진비 사용내역 ",http://opengov.seoul.go.kr/public/10674560,의회사무처,공보실,,,,2016,10,,,,시의회공보실,"2016-10-18 12:39",훈민정,기자간담회(아시아뉴스통신),"전성남기자, 공보실장",카드,50000
10674560,"2016.10월 업무추진비 사용내역 ",http://opengov.seoul.go.kr/public/10674560,의회사무처,공보실,,,,2016,10,,,,시의회공보실,"2016-10-17 20:10",은정,"제9대후반기 의정활동 홍보 관련 간담히","비서실장,공보실장 등",카드,118000
10674560,"2016.10월 업무추진비 사용내역 ",http://opengov.seoul.go.kr/public/10674560,의회사무처,공보실,,,,2016,10,,,,시의회공보실,"2016-10-12 13:01",（주）더루이광화문지,"츨입기자 간사단 간담회","김재중기자, 최윤정기자 등",카드,319000
10674560,"2016.10월 업무추진비 사용내역 ",http://opengov.seoul.go.kr/public/10674560,의회사무처,공보실,,,,2016,10,,,,시의회공보실,"2016-10-06 19:44",현대수산,기자간담회(브레이크뉴스),"김출렬기자, 공보실장 등",카드,80000
10674560,"2016.10월 업무추진비 사용내역 ",http://opengov.seoul.go.kr/public/10674560,의회사무처,공보실,,,,2016,10,,,,시의회공보실,"2016-10-05 13:17",우도일식,기자간담회(연합뉴스),"한영복기자, 최윤정기자 등",카드,120000
10674560,"2016.10월 업무추진비 사용내역 ",http://opengov.seoul.go.kr/public/10674560,의회사무처,공보실,,,,2016,10,,,,시의회공보실,"2016-10-04 19:13",참복집,"의장단 인터뷰 등 현안업무","공보실장,공보팀장",카드,60000
10628035,"2016년 10월 여성가족정책실 외국인다문화담당관 업무추진비 집행내역",http://opengov.seoul.go.kr/public/10628035,서울시본청,여성가족정책실,외국인다문화담당관,,,2016,10,,,,"여성가족정책실 외국인다문화담당관","2016-10-31 12:27",구이구이,"결혼이민여성 취창업 학술용역 중간보고 관련 업무협의 간담회","다문화가족팀장 외 4",카드,69000
10628035,"2016년 10월 여성가족정책실 외국인다문화담당관 업무추진비 집행내역",http://opengov.seoul.go.kr/public/10628035,서울시본청,여성가족정책실,외국인다문화담당관,,,2016,10,,,,"여성가족정책실 외국인다문화담당관","2016-10-26 12:25",제일가든,"직원 사기진작을 위한 부서 회식 개최","외국인다문화담당관 외 20",카드,318000
10628035,"2016년 10월 여성가족정책실 외국인다문화담당관 업무추진비 집행내역",http://opengov.seoul.go.kr/public/10628035,서울시본청,여성가족정책실,외국인다문화담당관,,,2016,10,,,,"여성가족정책실 외국인다문화담당관","2016-10-20 12:24",한와담,"외국인주민분과위원회 개최 관련 업무협의 간담회","외국인정책팀장 외 5",카드,64000
10628035,"2016년 10월 여성가족정책실 외국인다문화담당관 업무추진비 집행내역",http://opengov.seoul.go.kr/public/10628035,서울시본청,여성가족정책실,외국인다문화담당관,,,2016,10,,,,"여성가족정책실 외국인다문화담당관","2016-10-11 12:46","동원참치 서울시청점","결혼이민여성 취업박람회 개최 관련 업무협의 간담회","외국인다문화담당관 외 6",카드,158000
10628035,"2016년 10월 여성가족정책실 외국인다문화담당관 업무추진비 집행내역",http://opengov.seoul.go.kr/public/10628035,서울시본청,여성가족정책실,외국인다문화담당관,,,2016,10,,,,"여성가족정책실 외국인다문화담당관","2016-10-05 12:39",송원스끼야끼샤브샤브,"외국인주민지원사업 만족도조사 관련 업무협의 간담회","외국인정책팀장 외 5",카드,112000
10628035,"2016년 10월 여성가족정책실 외국인다문화담당관 업무추진비 집행내역",http://opengov.seoul.go.kr/public/10628035,서울시본청,여성가족정책실,외국인다문화담당관,,,2016,10,,,,"여성가족정책실 외국인다문화담당관","2016-10-04 12:56","행복플러스 신청사점","전략적 민간재원 확보를 위한 TF팀 업무협의 간담회","외국인다문화담당관 외 10",카드,32700
10628035,"2016년 10월 여성가족정책실 외국인다문화담당관 업무추진비 집행내역",http://opengov.seoul.go.kr/public/10628035,서울시본청,여성가족정책실,외국인다문화담당관,,,2016,10,,,,"여성가족정책실 외국인다문화담당관","2016-10-04 12:47","프레스센터 프레스클럽","전략적 민간재원 확보를 위한 TF팀 업무협의 간담회","외국인다문화담당관 외 8",카드,134800
10465254,"2016.10월 역사문화재과 업무추진비 집행내역",http://opengov.seoul.go.kr/public/10465254,서울시본청,문화본부,역사문화재과,,,2016,10,,,,"문화본부 역사문화재과","2016-10-31 12:41","이태원천상 서소문점(중구 서소문동 75-95)","정부수반 유적 관리 관련 간담회","역사문화재과장 외 3명",카드,70000
10465254,"2016.10월 역사문화재과 업무추진비 집행내역",http://opengov.seoul.go.kr/public/10465254,서울시본청,문화본부,역사문화재과,,,2016,10,,,,"문화본부 역사문화재과","2016-10-28 12:35","광화문몽로(중구 세종대로 21길 40)","조선왕조실록 등 지적유산 활용방안 연구 관련 간담회","세계유산팀장 외 3명",카드,65000
10465254,"2016.10월 역사문화재과 업무추진비 집행내역",http://opengov.seoul.go.kr/public/10465254,서울시본청,문화본부,역사문화재과,,,2016,10,,,,"문화본부 역사문화재과","2016-10-26 20:19","황부자(중구 다동 174)","역사도시 서울 추진관련 간담회","역사문화재과장 외 7명",카드,140000
10465254,"2016.10월 역사문화재과 업무추진비 집행내역",http://opengov.seoul.go.kr/public/10465254,서울시본청,문화본부,역사문화재과,,,2016,10,,,,"문화본부 역사문화재과","2016-10-24 12:54","아하바(중구 정동 11-3)","한성백제왕도 세계유산 등재 추진 관련 간담회","역사문화재과장 외 4명",카드,111100
10465254,"2016.10월 역사문화재과 업무추진비 집행내역",http://opengov.seoul.go.kr/public/10465254,서울시본청,문화본부,역사문화재과,,,2016,10,,,,"문화본부 역사문화재과","2016-10-20 12:27","한와담(중구 세종대로 21길 40)","의정부터 발굴 관련 간담회","문화재연구팀장 외 4명",카드,54000
10465254,"2016.10월 역사문화재과 업무추진비 집행내역",http://opengov.seoul.go.kr/public/10465254,서울시본청,문화본부,역사문화재과,,,2016,10,,,,"문화본부 역사문화재과","2016-10-17 12:58","남강(중구 서소문동 120-18)","문화재 정기조사 관련 간담회","시문화재관리팀장 외 3명",카드,83000
10465254,"2016.10월 역사문화재과 업무추진비 집행내역",http://opengov.seoul.go.kr/public/10465254,서울시본청,문화본부,역사문화재과,,,2016,10,,,,"문화본부 역사문화재과","2016-10-16 20:38","오설록 명동(중구 명동1가 47-1)","민원응대 및 부서운영물품(차류) 구입비",,카드,40000
10465254,"2016.10월 역사문화재과 업무추진비 집행내역",http://opengov.seoul.go.kr/public/10465254,서울시본청,문화본부,역사문화재과,,,2016,10,,,,"문화본부 역사문화재과","2016-10-16 19:48","바닷가작은부엌(중구 덕수궁길7)","현안업무 추진 부서직원 사기앙양을 위한 식사비","역사문화재과장 외 3명",카드,93000
10465254,"2016.10월 역사문화재과 업무추진비 집행내역",http://opengov.seoul.go.kr/public/10465254,서울시본청,문화본부,역사문화재과,,,2016,10,,,,"문화본부 역사문화재과","2016-10-15 12:54","던킨도넛(서대문구 충정로 7)","홍염장 보유자 공모 지정조사 관련 음료구입비","오문선 주무관 외 7명",카드,27300
10465254,"2016.10월 역사문화재과 업무추진비 집행내역",http://opengov.seoul.go.kr/public/10465254,서울시본청,문화본부,역사문화재과,,,2016,10,,,,"문화본부 역사문화재과","2016-10-15 12:43","내림손삼계탕(서대문구 충정로3가 )","홍염장 보유자 공모 지정조사 관련 간담회","오문선 주무관 외 7명",카드,96000
10465254,"2016.10월 역사문화재과 업무추진비 집행내역",http://opengov.seoul.go.kr/public/10465254,서울시본청,문화본부,역사문화재과,,,2016,10,,,,"문화본부 역사문화재과","2016-10-14 12:49","동원민물장어(중구 남대문로1길 26-5)","전통문화 발굴 지원 사업 추진 간담회","국가문화재관리팀장 외 4명",카드,70000
10465254,"2016.10월 역사문화재과 업무추진비 집행내역",http://opengov.seoul.go.kr/public/10465254,서울시본청,문화본부,역사문화재과,,,2016,10,,,,"문화본부 역사문화재과","2016-10-12 13:14","길들여지기(중구 정동 정동빌딩 8-11)","시책홍보 언론관계자 간담회","역사문화재과장 외 3명",카드,100000
10465254,"2016.10월 역사문화재과 업무추진비 집행내역",http://opengov.seoul.go.kr/public/10465254,서울시본청,문화본부,역사문화재과,,,2016,10,,,,"문화본부 역사문화재과","2016-10-11 20:57","신의주찹쌀순대(중구 서소문로 128-3)","무형문화재 전수시설 운영개선 관련 간담회","역사문화재과장 외 4명",카드,85000
10465254,"2016.10월 역사문화재과 업무추진비 집행내역",http://opengov.seoul.go.kr/public/10465254,서울시본청,문화본부,역사문화재과,,,2016,10,,,,"문화본부 역사문화재과","2016-10-07 12:04","그레뱅코리아(중구 을지로 23)","정조대왕 능행차 추진관련 간담회","국가문화재관리팀장 외 4명",카드,97350
10465254,"2016.10월 역사문화재과 업무추진비 집행내역",http://opengov.seoul.go.kr/public/10465254,서울시본청,문화본부,역사문화재과,,,2016,10,,,,"문화본부 역사문화재과","2016-10-07 21:19","서문회관(중구 서소문동 120-22)","현안업무 추진 부서직원 사기앙양을 위한 식사비","역사문화재과장 외 11명",카드,196000
10465254,"2016.10월 역사문화재과 업무추진비 집행내역",http://opengov.seoul.go.kr/public/10465254,서울시본청,문화본부,역사문화재과,,,2016,10,,,,"문화본부 역사문화재과","2016-10-05 13:29","삼원(중구 무교동 1-0)","공평지구 유구전시관 건립관련 간담회","역사문화재과장 외 3명",카드,80000
10465254,"2016.10월 역사문화재과 업무추진비 집행내역",http://opengov.seoul.go.kr/public/10465254,서울시본청,문화본부,역사문화재과,,,2016,10,,,,"문화본부 역사문화재과","2016-10-01 19:37","휴우(중구 퇴계로 210-14)","무형문화재 축제 추진관련 간담회","역사문화재과장 외 3명",카드,51500
10206383,"2016년 10월 행정2부시장 업무추진비 집행내역",http://opengov.seoul.go.kr/public/10206383,서울시본청,행정2부시장,,,,2016,10,,,"시정 관련 간담회 등",행정2부시장,"2016-10-27 17:50",에뜨랑제레스토랑(중구남대문로9길),도시재생본부주요현안업무추진직원격려,행정2부시장등14명,카드,358900
10206383,"2016년 10월 행정2부시장 업무추진비 집행내역",http://opengov.seoul.go.kr/public/10206383,서울시본청,행정2부시장,,,,2016,10,,,"시정 관련 간담회 등",행정2부시장,"2016-10-27 12:30",주식회사해우리무교점(중구남대무로9길),소방재난본부주요현안업무추진직원격려,행정2부시장등10명,카드,290000
10206383,"2016년 10월 행정2부시장 업무추진비 집행내역",http://opengov.seoul.go.kr/public/10206383,서울시본청,행정2부시장,,,,2016,10,,,"시정 관련 간담회 등",행정2부시장,"2016-10-27 10:50",테라로사광화문지점(종로구종로1길),행정2부시장산하실국집중검토간담회개최,행정2부시장등다수,카드,62000
10206383,"2016년 10월 행정2부시장 업무추진비 집행내역",http://opengov.seoul.go.kr/public/10206383,서울시본청,행정2부시장,,,,2016,10,,,"시정 관련 간담회 등",행정2부시장,"2016-10-26 18:00",제일가든(중구무교로17-17),안전총괄본부주요현안업무추진직원격려,"행정2부시장비서관등 14명",카드,370000
10206383,"2016년 10월 행정2부시장 업무추진비 집행내역",http://opengov.seoul.go.kr/public/10206383,서울시본청,행정2부시장,,,,2016,10,,,"시정 관련 간담회 등",행정2부시장,"2016-10-26 00:00",,동작구청도시관리국직원경조사비지급,행정2부시장,현금,50000
10206383,"2016년 10월 행정2부시장 업무추진비 집행내역",http://opengov.seoul.go.kr/public/10206383,서울시본청,행정2부시장,,,,2016,10,,,"시정 관련 간담회 등",행정2부시장,"2016-10-21 21:10",성터갈비(성북구성북로14길4),지역발전본부주요현안업무추진직원격려,지역발전본부장등10명,카드,300000
10206383,"2016년 10월 행정2부시장 업무추진비 집행내역",http://opengov.seoul.go.kr/public/10206383,서울시본청,행정2부시장,,,,2016,10,,,"시정 관련 간담회 등",행정2부시장,"2016-10-21 12:30",（주）춘산에프앤비(중구태평로1가),기술심사당당관주요현안업무추진직원격려,기술심사담당관등10명,카드,300000
10206383,"2016년 10월 행정2부시장 업무추진비 집행내역",http://opengov.seoul.go.kr/public/10206383,서울시본청,행정2부시장,,,,2016,10,,,"시정 관련 간담회 등",행정2부시장,"2016-10-19 12:40",어상(중구통일로4길22),상수도사업본부주요현안업무추진직원격려,상수도사업본부장등10명,카드,300000
10206383,"2016년 10월 행정2부시장 업무추진비 집행내역",http://opengov.seoul.go.kr/public/10206383,서울시본청,행정2부시장,,,,2016,10,,,"시정 관련 간담회 등",행정2부시장,"2016-10-15 00:00",,도시기반시설본부직원경조사비지급,행정2부시장,현금,50000
10206383,"2016년 10월 행정2부시장 업무추진비 집행내역",http://opengov.seoul.go.kr/public/10206383,서울시본청,행정2부시장,,,,2016,10,,,"시정 관련 간담회 등",행정2부시장,"2016-10-15 00:00",,도시재생본부직원경조사비지급,행정2부시장,현금,50000
10206383,"2016년 10월 행정2부시장 업무추진비 집행내역",http://opengov.seoul.go.kr/public/10206383,서울시본청,행정2부시장,,,,2016,10,,,"시정 관련 간담회 등",행정2부시장,"2016-10-13 00:00",,풍수해재난안전대책본부관계자격려,하천관리과장등,현금,300000
10206383,"2016년 10월 행정2부시장 업무추진비 집행내역",http://opengov.seoul.go.kr/public/10206383,서울시본청,행정2부시장,,,,2016,10,,,"시정 관련 간담회 등",행정2부시장,"2016-10-13 13:30",（주）바닷가작은부엌(중구덕수궁길7),물순환안전국주요현안업무추진직원격려,행정2부시장등4명,카드,110000
10206383,"2016년 10월 행정2부시장 업무추진비 집행내역",http://opengov.seoul.go.kr/public/10206383,서울시본청,행정2부시장,,,,2016,10,,,"시정 관련 간담회 등",행정2부시장,"2016-10-12 12:30",（주）뚜리삼(중구청계천로8),도시기반시설본부주요현안업무추진직원격려,행정2부시장등9명,카드,211000
10206383,"2016년 10월 행정2부시장 업무추진비 집행내역",http://opengov.seoul.go.kr/public/10206383,서울시본청,행정2부시장,,,,2016,10,,,"시정 관련 간담회 등",행정2부시장,"2016-10-11 21:10",우도일식(중구세종대로124),국토교통위원회국정감사준비직원격려,행정2부시장등12명,카드,345000
10206383,"2016년 10월 행정2부시장 업무추진비 집행내역",http://opengov.seoul.go.kr/public/10206383,서울시본청,행정2부시장,,,,2016,10,,,"시정 관련 간담회 등",행정2부시장,"2016-10-11 16:00",청오디피케이（주）서(서대문구통일로149-1),물순환안전국주요현안업무추진직원격려,물순환정책과장등120명,카드,296930
10206383,"2016년 10월 행정2부시장 업무추진비 집행내역",http://opengov.seoul.go.kr/public/10206383,서울시본청,행정2부시장,,,,2016,10,,,"시정 관련 간담회 등",행정2부시장,"2016-10-10 15:10",마마스(중구무교로16),2017년국정감사수감준비직원격려,기획담당관등40명,카드,384000
10206383,"2016년 10월 행정2부시장 업무추진비 집행내역",http://opengov.seoul.go.kr/public/10206383,서울시본청,행정2부시장,,,,2016,10,,,"시정 관련 간담회 등",행정2부시장,"2016-10-10 13:10",서울시청매점(중구덕수궁길15),행정2부시장산하실국집중검토간담회개최,행정2부시장등다수,카드,350000
10206383,"2016년 10월 행정2부시장 업무추진비 집행내역",http://opengov.seoul.go.kr/public/10206383,서울시본청,행정2부시장,,,,2016,10,,,"시정 관련 간담회 등",행정2부시장,"2016-10-10 12:50",주식회사해우리무교점(중구남대문로9길),도시재생본부주요현안업무추진직원격려,행정2부시장등8명,카드,237500
10206383,"2016년 10월 행정2부시장 업무추진비 집행내역",http://opengov.seoul.go.kr/public/10206383,서울시본청,행정2부시장,,,,2016,10,,,"시정 관련 간담회 등",행정2부시장,"2016-10-10 17:30",더후라이팬시청점(중구남대문로9길40),주택건축국주요현안업무추진직원격려,주택정책과장등140명,카드,300000
10206383,"2016년 10월 행정2부시장 업무추진비 집행내역",http://opengov.seoul.go.kr/public/10206383,서울시본청,행정2부시장,,,,2016,10,,,"시정 관련 간담회 등",행정2부시장,"2016-10-10 21:30",（주）할매재첩국(강남구삼성로308),안전총괄본부주요현안검토간담회,행정2부시장등7명,카드,194000
10206383,"2016년 10월 행정2부시장 업무추진비 집행내역",http://opengov.seoul.go.kr/public/10206383,서울시본청,행정2부시장,,,,2016,10,,,"시정 관련 간담회 등",행정2부시장,"2016-10-09 00:00",,중랑구도시환경국직원경조사비지급,행정2부시장,현금,50000
10206383,"2016년 10월 행정2부시장 업무추진비 집행내역",http://opengov.seoul.go.kr/public/10206383,서울시본청,행정2부시장,,,,2016,10,,,"시정 관련 간담회 등",행정2부시장,"2016-10-07 20:20",짱이네(중구을지로1가),다시세운프로젝트현장방문추진직원격려,"행정2부시장비서관등 15명",카드,300000
10206383,"2016년 10월 행정2부시장 업무추진비 집행내역",http://opengov.seoul.go.kr/public/10206383,서울시본청,행정2부시장,,,,2016,10,,,"시정 관련 간담회 등",행정2부시장,"2016-10-07 12:20",더테이블한정식(중구세종대로124),행정2부시장산하재생분야국본부장간담회,행정2부시장등8명,카드,225000
10206383,"2016년 10월 행정2부시장 업무추진비 집행내역",http://opengov.seoul.go.kr/public/10206383,서울시본청,행정2부시장,,,,2016,10,,,"시정 관련 간담회 등",행정2부시장,"2016-10-06 12:50",대복(중구세종대로14길22),행정2부시장산하주요정책사업시민홍보추진직원격려,행정2부시장등9명,카드,258000
10206383,"2016년 10월 행정2부시장 업무추진비 집행내역",http://opengov.seoul.go.kr/public/10206383,서울시본청,행정2부시장,,,,2016,10,,,"시정 관련 간담회 등",행정2부시장,"2016-10-06 21:30",（주）더루이광화문지(중구세종대로21길40),행정2부시장산하주요소송추진간담회,행정2부시장등3명,카드,90000
10206383,"2016년 10월 행정2부시장 업무추진비 집행내역",http://opengov.seoul.go.kr/public/10206383,서울시본청,행정2부시장,,,,2016,10,,,"시정 관련 간담회 등",행정2부시장,"2016-10-05 12:40",남산집(중구무교로32),지진재난표준행동절차수립간담회,행정2부시장등3명,카드,54000
10206383,"2016년 10월 행정2부시장 업무추진비 집행내역",http://opengov.seoul.go.kr/public/10206383,서울시본청,행정2부시장,,,,2016,10,,,"시정 관련 간담회 등",행정2부시장,"2016-10-05 20:30",연와(서초구남부순환로2577),영동대로복합개발현안간담회,행정2부시장등5명,카드,144000
10206383,"2016년 10월 행정2부시장 업무추진비 집행내역",http://opengov.seoul.go.kr/public/10206383,서울시본청,행정2부시장,,,,2016,10,,,"시정 관련 간담회 등",행정2부시장,"2016-10-04 14:30",서울시청매점(중구덕수궁길15),행정2부시장실방문객접대용다과구매,박신규등다수,카드,480000
10206383,"2016년 10월 행정2부시장 업무추진비 집행내역",http://opengov.seoul.go.kr/public/10206383,서울시본청,행정2부시장,,,,2016,10,,,"시정 관련 간담회 등",행정2부시장,"2016-10-04 13:00",제일가든(중구무교로17-17),행정2부시장산하국본부장오찬간담회,행정2부시장등14명,카드,271000
10206383,"2016년 10월 행정2부시장 업무추진비 집행내역",http://opengov.seoul.go.kr/public/10206383,서울시본청,행정2부시장,,,,2016,10,,,"시정 관련 간담회 등",행정2부시장,"2016-10-01 00:00",,강서구직원경조사비지급,행정2부시장,현금,50000
10206383,"2016년 10월 행정2부시장 업무추진비 집행내역",http://opengov.seoul.go.kr/public/10206383,서울시본청,행정2부시장,,,,2016,10,,,"시정 관련 간담회 등",행정2부시장,"2016-10-31 14:00",서울시청매점(중구덕수궁길15),행정2부시장실방문객접대용다과구매,김홍탁외다수,카드,476500
10206383,"2016년 10월 행정2부시장 업무추진비 집행내역",http://opengov.seoul.go.kr/public/10206383,서울시본청,행정2부시장,,,,2016,10,,,"시정 관련 간담회 등",행정2부시장,"2016-10-31 12:30",남산집(중구무교로32),행정2부시장산하국본부장간담회,행정2부시장등19명,카드,443000
10206383,"2016년 10월 행정2부시장 업무추진비 집행내역",http://opengov.seoul.go.kr/public/10206383,서울시본청,행정2부시장,,,,2016,10,,,"시정 관련 간담회 등",행정2부시장,"2016-10-31 10:30",서울시청구내식당(중구세종대로110),행정2부시장산하국본부장간담회개최,행정2부시장등24명,카드,156000
10206383,"2016년 10월 행정2부시장 업무추진비 집행내역",http://opengov.seoul.go.kr/public/10206383,서울시본청,행정2부시장,,,,2016,10,,,"시정 관련 간담회 등",행정2부시장,"2016-10-31 21:00",（주）뚜리삼(중구청계천로8),지역발전본부주요현안업무추진직원격려,행정2부시장등9명,카드,252000
10220205,"2016년 10월 행정1부시장 업무추진비 집행내역",http://opengov.seoul.go.kr/public/10220205,서울시본청,행정1부시장,,,,2016,10,,,"시정 관련 간담회 등",행정1부시장,"2016-10-31 14:32","서울시청구내식당(중구 세종대로)","시정현안 회의용 간식류 구입",,카드,150000
10220205,"2016년 10월 행정1부시장 업무추진비 집행내역",http://opengov.seoul.go.kr/public/10220205,서울시본청,행정1부시장,,,,2016,10,,,"시정 관련 간담회 등",행정1부시장,"2016-10-28 17:12","서울시청매점(중구 덕수궁길)","부시장실 운영 다과 및 물품 구입",,카드,301550
10220205,"2016년 10월 행정1부시장 업무추진비 집행내역",http://opengov.seoul.go.kr/public/10220205,서울시본청,행정1부시장,,,,2016,10,,,"시정 관련 간담회 등",행정1부시장,"2016-10-28 09:04","아리스타커피(중구 을지로)","시정현안 회의용 음료 구입",,카드,118300
10220205,"2016년 10월 행정1부시장 업무추진비 집행내역",http://opengov.seoul.go.kr/public/10220205,서울시본청,행정1부시장,,,,2016,10,,,"시정 관련 간담회 등",행정1부시장,"2016-10-27 20:14","키사라 광화문(중구 세종대로)","걷는도시 서울 추진 현안조정 간담회","행정1부시장 등 3명",카드,87000
10220205,"2016년 10월 행정1부시장 업무추진비 집행내역",http://opengov.seoul.go.kr/public/10220205,서울시본청,행정1부시장,,,,2016,10,,,"시정 관련 간담회 등",행정1부시장,"2016-10-26 19:27","우드앤브릭(종로구 재동)","승강장 안전문 개선 추진 관계관 간담회","행정1부시장 등 4명",카드,120000
10220205,"2016년 10월 행정1부시장 업무추진비 집행내역",http://opengov.seoul.go.kr/public/10220205,서울시본청,행정1부시장,,,,2016,10,,,"시정 관련 간담회 등",행정1부시장,"2016-10-26 12:52","오륙도(중구 다동)","인사조직 현안 관련 관계관 간담회","행정1부시장 등 6명",카드,133000
10220205,"2016년 10월 행정1부시장 업무추진비 집행내역",http://opengov.seoul.go.kr/public/10220205,서울시본청,행정1부시장,,,,2016,10,,,"시정 관련 간담회 등",행정1부시장,"2016-10-25 19:26","닥터로빈(중구 세종대로)","경제민주화 과제 추진 관련 간담회","행정1부시장 등 4명",카드,81780
10220205,"2016년 10월 행정1부시장 업무추진비 집행내역",http://opengov.seoul.go.kr/public/10220205,서울시본청,행정1부시장,,,,2016,10,,,"시정 관련 간담회 등",행정1부시장,"2016-10-25 12:42","길들여지기(중구 정동)","시민대학 운영 관련 관계관 의견청취","행정1부시장 등 4명",카드,135000
10220205,"2016년 10월 행정1부시장 업무추진비 집행내역",http://opengov.seoul.go.kr/public/10220205,서울시본청,행정1부시장,,,,2016,10,,,"시정 관련 간담회 등",행정1부시장,"2016-10-24 19:38","큰기와집(종로구 소격동)","개포디지털혁신파크 운영 관련 관계관 간담회","행정1부시장 등 6명",카드,178000
10220205,"2016년 10월 행정1부시장 업무추진비 집행내역",http://opengov.seoul.go.kr/public/10220205,서울시본청,행정1부시장,,,,2016,10,,,"시정 관련 간담회 등",행정1부시장,"2016-10-24 13:02","금강산(중구 세종대로)","시정현안 관련 공무원노조 간담회","행정1부시장 등 13명",카드,325000
10220205,"2016년 10월 행정1부시장 업무추진비 집행내역",http://opengov.seoul.go.kr/public/10220205,서울시본청,행정1부시장,,,,2016,10,,,"시정 관련 간담회 등",행정1부시장,"2016-10-24 00:00",,"축.부의금 지급",2명,현금,100000
10220205,"2016년 10월 행정1부시장 업무추진비 집행내역",http://opengov.seoul.go.kr/public/10220205,서울시본청,행정1부시장,,,,2016,10,,,"시정 관련 간담회 등",행정1부시장,"2016-10-23 18:24","신가원(중구 을지로1길)","자치구 현안 공유 간담회","행정1부시장 등 3명",카드,49000
10220205,"2016년 10월 행정1부시장 업무추진비 집행내역",http://opengov.seoul.go.kr/public/10220205,서울시본청,행정1부시장,,,,2016,10,,,"시정 관련 간담회 등",행정1부시장,"2016-10-22 20:16","싱카이 광화문(중구 태평로1가)","2017년도 예산안 조정 간담회","행정1부시장 등 5명",카드,180000
10220205,"2016년 10월 행정1부시장 업무추진비 집행내역",http://opengov.seoul.go.kr/public/10220205,서울시본청,행정1부시장,,,,2016,10,,,"시정 관련 간담회 등",행정1부시장,"2016-10-21 21:28","라칸티나(중구 을지로19)","노동정책 추진 현안 조정 간담회","행정1부시장 등 4명",카드,126400
10220205,"2016년 10월 행정1부시장 업무추진비 집행내역",http://opengov.seoul.go.kr/public/10220205,서울시본청,행정1부시장,,,,2016,10,,,"시정 관련 간담회 등",행정1부시장,"2016-10-21 19:00","장군보쌈(중구 무교동)","시청사 청원경찰 및 방호직원 격려","청사운영1팀장 등 50명",카드,394000
10220205,"2016년 10월 행정1부시장 업무추진비 집행내역",http://opengov.seoul.go.kr/public/10220205,서울시본청,행정1부시장,,,,2016,10,,,"시정 관련 간담회 등",행정1부시장,"2016-10-21 12:19","금강산(중구 세종대로)","김포공항역 사고 후속조치 관련 간담회","행정1부시장 등 4명",카드,100000
10220205,"2016년 10월 행정1부시장 업무추진비 집행내역",http://opengov.seoul.go.kr/public/10220205,서울시본청,행정1부시장,,,,2016,10,,,"시정 관련 간담회 등",행정1부시장,"2016-10-20 19:33","제주흑돈(중구 청계천로)","투자출연기관 노동혁신 추진 관련 의견청취","행정1부시장 등 5명",카드,150000
10220205,"2016년 10월 행정1부시장 업무추진비 집행내역",http://opengov.seoul.go.kr/public/10220205,서울시본청,행정1부시장,,,,2016,10,,,"시정 관련 간담회 등",행정1부시장,"2016-10-20 12:55","산채향(중구 청계천로)","시정현안 관련 공무원노조 간담회","행정1부시장 등 13명",카드,169000
10220205,"2016년 10월 행정1부시장 업무추진비 집행내역",http://opengov.seoul.go.kr/public/10220205,서울시본청,행정1부시장,,,,2016,10,,,"시정 관련 간담회 등",행정1부시장,"2016-10-19 20:43","곰국시집(중구 무교동)","행정1부시장 비서실 직원 격려","행정1부시장 등 4명",카드,110000
10220205,"2016년 10월 행정1부시장 업무추진비 집행내역",http://opengov.seoul.go.kr/public/10220205,서울시본청,행정1부시장,,,,2016,10,,,"시정 관련 간담회 등",행정1부시장,"2016-10-19 15:18","동해일식(중구 무교로)","김포공항역 사고 관련 관계관 간담회","행정1부시장 등 5명",카드,125000
10220205,"2016년 10월 행정1부시장 업무추진비 집행내역",http://opengov.seoul.go.kr/public/10220205,서울시본청,행정1부시장,,,,2016,10,,,"시정 관련 간담회 등",행정1부시장,"2016-10-18 20:52","동원참치(중구 세종대로)","중장기 보육정책 수립 관련 관계관 간담회","행정1부시장 등 4명",카드,125000
10220205,"2016년 10월 행정1부시장 업무추진비 집행내역",http://opengov.seoul.go.kr/public/10220205,서울시본청,행정1부시장,,,,2016,10,,,"시정 관련 간담회 등",행정1부시장,"2016-10-18 12:35","제일가든(중구 무교동)","주요 시정회의 및 행사 지원부서 격려","행정1부시장 등 60명",카드,1199000
10220205,"2016년 10월 행정1부시장 업무추진비 집행내역",http://opengov.seoul.go.kr/public/10220205,서울시본청,행정1부시장,,,,2016,10,,,"시정 관련 간담회 등",행정1부시장,"2016-10-17 20:16","우정(종로구 관훈동)","도시농업 현안 조정 간담회","행정1부시장 등 4명",카드,120000
10220205,"2016년 10월 행정1부시장 업무추진비 집행내역",http://opengov.seoul.go.kr/public/10220205,서울시본청,행정1부시장,,,,2016,10,,,"시정 관련 간담회 등",행정1부시장,"2016-10-17 14:17","서울시청매점(중구 덕수궁길)","부시장실 운영 다과 및 물품 구입",,카드,414400
10220205,"2016년 10월 행정1부시장 업무추진비 집행내역",http://opengov.seoul.go.kr/public/10220205,서울시본청,행정1부시장,,,,2016,10,,,"시정 관련 간담회 등",행정1부시장,"2016-10-17 12:42","복성각(중구 덕수궁길)","시립대 주요 현안 공유 간담회","행정1부시장 등 5명",카드,136000
10220205,"2016년 10월 행정1부시장 업무추진비 집행내역",http://opengov.seoul.go.kr/public/10220205,서울시본청,행정1부시장,,,,2016,10,,,"시정 관련 간담회 등",행정1부시장,"2016-10-16 13:16","싱카이 광화문(중구 태평로1가)","위아자 나눔장터 행사 추진 관계관 격려","행정1부시장 등 4명",카드,105000
10220205,"2016년 10월 행정1부시장 업무추진비 집행내역",http://opengov.seoul.go.kr/public/10220205,서울시본청,행정1부시장,,,,2016,10,,,"시정 관련 간담회 등",행정1부시장,"2016-10-15 18:17","갯마을낙지(중구 을지로1길)","박물관 시설 조성 현안 관련 간담회","행정1부시장 등 3명",카드,64000
10220205,"2016년 10월 행정1부시장 업무추진비 집행내역",http://opengov.seoul.go.kr/public/10220205,서울시본청,행정1부시장,,,,2016,10,,,"시정 관련 간담회 등",행정1부시장,"2016-10-15 13:46","키사라 광화문(중구 세종대로)","시의회 관련 현안공유 간담회","행정1부시장 등 4명",카드,132000
10220205,"2016년 10월 행정1부시장 업무추진비 집행내역",http://opengov.seoul.go.kr/public/10220205,서울시본청,행정1부시장,,,,2016,10,,,"시정 관련 간담회 등",행정1부시장,"2016-10-14 19:27","닥터로빈(중구 세종대로)","기후환경본부 현안 조정 간담회","행정1부시장 등 4명",카드,69390
10220205,"2016년 10월 행정1부시장 업무추진비 집행내역",http://opengov.seoul.go.kr/public/10220205,서울시본청,행정1부시장,,,,2016,10,,,"시정 관련 간담회 등",행정1부시장,"2016-10-14 15:09","강정이기가막혀(서대문구 연희로)","2016 국정감사 수감 지원부서 격려",총무과(부속실),카드,850000
10220205,"2016년 10월 행정1부시장 업무추진비 집행내역",http://opengov.seoul.go.kr/public/10220205,서울시본청,행정1부시장,,,,2016,10,,,"시정 관련 간담회 등",행정1부시장,"2016-10-14 13:18","리틀타이(중구 세종대로)","2017 예산안 편성 추진 관계관 격려","행정1부시장 등 9명",카드,289000
10220205,"2016년 10월 행정1부시장 업무추진비 집행내역",http://opengov.seoul.go.kr/public/10220205,서울시본청,행정1부시장,,,,2016,10,,,"시정 관련 간담회 등",행정1부시장,"2016-10-13 20:06","섬진강민물장어(종로구 평창문화로)","청년지원정책 추진 관련 관계관 간담회","행정1부시장 등 4명",카드,93000
10220205,"2016년 10월 행정1부시장 업무추진비 집행내역",http://opengov.seoul.go.kr/public/10220205,서울시본청,행정1부시장,,,,2016,10,,,"시정 관련 간담회 등",행정1부시장,"2016-10-13 13:08","동원참치(중구 세종대로)","협치추진단 현안 관련 관계관 간담회","행정1부시장 등 4명",카드,105000
10220205,"2016년 10월 행정1부시장 업무추진비 집행내역",http://opengov.seoul.go.kr/public/10220205,서울시본청,행정1부시장,,,,2016,10,,,"시정 관련 간담회 등",행정1부시장,"2016-10-12 19:41","무교동낙지(중구 태평로2가)","전국체육대회 지원 추진 관계관 격려","행정1부시장 등 12명",카드,259000
10220205,"2016년 10월 행정1부시장 업무추진비 집행내역",http://opengov.seoul.go.kr/public/10220205,서울시본청,행정1부시장,,,,2016,10,,,"시정 관련 간담회 등",행정1부시장,"2016-10-11 20:18","싱카이 광화문(중구 태평로1가)","3.1운동 100주년 기념사업 추진 관련 간담회","행정1부시장 등 6명",카드,190000
10220205,"2016년 10월 행정1부시장 업무추진비 집행내역",http://opengov.seoul.go.kr/public/10220205,서울시본청,행정1부시장,,,,2016,10,,,"시정 관련 간담회 등",행정1부시장,"2016-10-10 20:09","소양강매운탕(도봉구 방학동)","학교폭력 예방디자인 현장설명회 준비 관계관 격려","행정1부시장 등 16명",카드,403000
10220205,"2016년 10월 행정1부시장 업무추진비 집행내역",http://opengov.seoul.go.kr/public/10220205,서울시본청,행정1부시장,,,,2016,10,,,"시정 관련 간담회 등",행정1부시장,"2016-10-10 13:10","라칸티나(중구 을지로19)","공공미술 사업 현안조정 간담회","행정1부시장 등 4명",카드,120000
10220205,"2016년 10월 행정1부시장 업무추진비 집행내역",http://opengov.seoul.go.kr/public/10220205,서울시본청,행정1부시장,,,,2016,10,,,"시정 관련 간담회 등",행정1부시장,"2016-10-10 12:45","오륙도(중구 다동)","차관회의 지원부서 관계관 격려","법무담당관 등 5명",카드,96000
10220205,"2016년 10월 행정1부시장 업무추진비 집행내역",http://opengov.seoul.go.kr/public/10220205,서울시본청,행정1부시장,,,,2016,10,,,"시정 관련 간담회 등",행정1부시장,"2016-10-07 13:27","청와삼대 아산점(충남 아산시)","전국체육대회 개회식 참석 수행직원 격려","행정1부시장 등 3명",카드,40000
10220205,"2016년 10월 행정1부시장 업무추진비 집행내역",http://opengov.seoul.go.kr/public/10220205,서울시본청,행정1부시장,,,,2016,10,,,"시정 관련 간담회 등",행정1부시장,"2016-10-07 10:08","중구가정대리점(중구 회현동1가)","내방객 제공용 음료 및 다과 구입",,카드,129800
10220205,"2016년 10월 행정1부시장 업무추진비 집행내역",http://opengov.seoul.go.kr/public/10220205,서울시본청,행정1부시장,,,,2016,10,,,"시정 관련 간담회 등",행정1부시장,"2016-10-06 20:05","싱카이 광화문(중구 태평로1가)","장애인 건강권 보장 관련 의견청취","행정1부시장 등 4명",카드,143000
10220205,"2016년 10월 행정1부시장 업무추진비 집행내역",http://opengov.seoul.go.kr/public/10220205,서울시본청,행정1부시장,,,,2016,10,,,"시정 관련 간담회 등",행정1부시장,"2016-10-06 15:55","피자알볼로 신당점(중구 다산로)","2016 국정감사 수감 관련 노고부서 격려","기획담당관 등 40명",카드,270000
10220205,"2016년 10월 행정1부시장 업무추진비 집행내역",http://opengov.seoul.go.kr/public/10220205,서울시본청,행정1부시장,,,,2016,10,,,"시정 관련 간담회 등",행정1부시장,"2016-10-06 13:19","라칸티나(중구 을지로19)","시장단 요청사항 추진 관련 간담회","행정1부시장 등 9명",카드,312000
10220205,"2016년 10월 행정1부시장 업무추진비 집행내역",http://opengov.seoul.go.kr/public/10220205,서울시본청,행정1부시장,,,,2016,10,,,"시정 관련 간담회 등",행정1부시장,"2016-10-05 12:56","동원참치(중구 세종대로)","한양도성 세계문화유산 등재 추진 관련 의견청취","행정1부시장 등 3명",카드,66000
10220205,"2016년 10월 행정1부시장 업무추진비 집행내역",http://opengov.seoul.go.kr/public/10220205,서울시본청,행정1부시장,,,,2016,10,,,"시정 관련 간담회 등",행정1부시장,"2016-10-04 12:13","본도시락 광화문점(종로구 사직로8길)","국정감사 수감 관련 관계관 간담회","행정1부시장 등 4명",카드,63600
10220205,"2016년 10월 행정1부시장 업무추진비 집행내역",http://opengov.seoul.go.kr/public/10220205,서울시본청,행정1부시장,,,,2016,10,,,"시정 관련 간담회 등",행정1부시장,"2016-10-03 19:14","일품당샤브샤브(종로구 당주동)","주요 시정현안 조정 간담회","행정1부시장 등 3명",카드,72000
10220205,"2016년 10월 행정1부시장 업무추진비 집행내역",http://opengov.seoul.go.kr/public/10220205,서울시본청,행정1부시장,,,,2016,10,,,"시정 관련 간담회 등",행정1부시장,"2016-10-03 14:04","팔라죠듀에(종로구 인사동11길)","국정감사 쟁점현안 관련 관계관 간담회","행정1부시장 등 4명",카드,118000
10220205,"2016년 10월 행정1부시장 업무추진비 집행내역",http://opengov.seoul.go.kr/public/10220205,서울시본청,행정1부시장,,,,2016,10,,,"시정 관련 간담회 등",행정1부시장,"2016-10-01 12:40","닥터로빈(중구 세종대로)","투자출연기관 현안 공유 간담회","행정1부시장 등 4명",카드,72900
10220205,"2016년 10월 행정1부시장 업무추진비 집행내역",http://opengov.seoul.go.kr/public/10220205,서울시본청,행정1부시장,,,,2016,10,,,"시정 관련 간담회 등",행정1부시장,"2016-10-04 00:00",,"부의금 지급",2명,현금,100000
10220205,"2016년 10월 행정1부시장 업무추진비 집행내역",http://opengov.seoul.go.kr/public/10220205,서울시본청,행정1부시장,,,,2016,10,,,"시정 관련 간담회 등",행정1부시장,"2016-10-20 00:00",,"축의금 지급",4명,현금,200000
